leiden,dominant_phase,dominant_phase_frac,n_cells,n_phases_present
0,g2/m,0.8733997155049786,8436,3
1,s,0.877950933497917,6481,3
2,g0/g1,0.8739980763065085,6238,3
3,g2/m,0.9230546716806479,3457,3
4,s,0.9642857142857143,336,2

=== Clustering Agreement Metrics ===
  Adjusted Rand Index (ARI):          0.5359   (1=perfect, 0=random)
  Normalized Mutual Info (NMI):       0.5426   (1=perfect, 0=none)
  Homogeneity:                        0.6224   (each cluster = 1 phase?)
  Completeness:                       0.4810  (each phase = 1 cluster?)
  V-measure:                          0.5426   (harmonic mean of above)

=== Chi-squared Test ===
  Chi2=33098.6, dof=8, p=< 2.23e-308  (log10(p) = -inf)
  Cramer's V, 0.8145  (effect size; 1=perfect association)

=== Per-cluster Summary ===
       dominant_phase  dominant_phase_frac  n_cells  n_phases_present
leiden                                                               
0                g2/m             0.873400     8436                 3
1                   s             0.877951     6481                 3
2               g0/g1             0.873998     6238                 3
3                g2/m             0.923055     3457                 3
4                   s             0.964286      336                 2