cluster,gene,score,logfc,pval_adj
0,FBgn0004583,90.87659,,0.0
0,FBti0059763,87.1213,,0.0
0,FBgn0016797,85.20861,,0.0
0,FBti0060275,83.07566,,0.0
0,FBgn0286786,77.15754,,0.0
0,FBgn0035049,71.18197,,0.0
0,FBgn0263706,69.12392,,0.0
0,FBgn0019660,66.32269,,0.0
0,FBgn0265413,65.46344,,0.0
0,FBgn0010313,60.986225,,0.0
0,FBgn0036844,60.777485,,0.0
0,FBgn0005660,60.520164,,0.0
0,FBgn0037515,59.76386,,0.0
0,FBgn0259110,59.531918,,0.0
0,FBgn0265487,58.70458,,0.0
0,FBgn0031381,55.785046,,0.0
0,FBgn0004167,54.92245,,0.0
0,FBgn0286827,52.532616,,0.0
0,FBgn0001090,50.16455,,0.0
0,FBgn0031453,46.912064,,0.0
1,FBgn0013675,174.75252,,0.0
1,FBgn0013674,174.11267,,0.0
1,FBgn0013676,172.91745,,0.0
1,FBgn0013672,170.27315,,0.0
1,FBgn0013678,164.98213,,0.0
1,FBgn0267910,164.1893,,0.0
1,FBgn0013686,162.13272,,0.0
1,FBgn0022893,158.65898,,0.0
1,FBgn0004362,149.95547,,0.0
1,FBgn0013684,143.14204,,0.0
1,FBgn0265297,142.40454,,0.0
1,FBgn0001233,133.60486,,0.0
1,FBgn0013679,132.86823,,0.0
1,FBgn0262952,130.04268,,0.0
1,FBgn0013681,129.90948,,0.0
1,FBgn0031453,128.7747,,0.0
1,FBti0059744,123.53796,,0.0
1,FBgn0261836,121.422516,,0.0
1,FBgn0261800,98.39697,,0.0
1,FBgn0014388,95.88211,,0.0
2,FBgn0031971,78.07025,,0.0
2,FBgn0000064,65.81224,,0.0
2,FBgn0019661,57.34158,,0.0
2,FBti0059763,55.145786,,0.0
2,FBgn0014135,54.91304,,0.0
2,FBgn0019660,54.655506,,0.0
2,FBgn0001224,53.163586,,0.0
2,FBgn0001257,51.66449,,0.0
2,FBgn0001225,51.386112,,0.0
2,FBti0062048,47.77328,,0.0
2,FBgn0259110,44.59739,,0.0
2,FBgn0263773,43.347713,,0.0
2,FBgn0039774,43.066597,,0.0
2,FBgn0263392,42.73991,,0.0
2,FBgn0261800,42.17076,,0.0
2,FBgn0039419,41.360867,,0.0
2,FBgn0025885,40.574486,,0.0
2,FBti0020227,39.435066,,0.0
2,FBgn0002526,38.958782,,0.0
2,FBti0060275,37.56408,,6.181575822115737e-307
3,FBgn0262945,83.308556,,0.0
3,FBgn0015222,81.38393,,0.0
3,FBgn0053494,81.239456,,0.0
3,FBgn0052280,81.008934,,0.0
3,FBgn0001258,80.68219,,0.0
3,FBgn0053926,80.03805,,0.0
3,FBgn0015221,77.82971,,0.0
3,FBgn0030160,71.96132,,0.0
3,FBgn0001225,71.215866,,0.0
3,FBgn0004431,70.42914,,0.0
3,FBgn0029507,67.24801,,0.0
3,FBgn0001224,66.58319,,0.0
3,FBgn0041087,65.08465,,0.0
3,FBgn0030309,65.02381,,0.0
3,FBgn0027836,64.59919,,0.0
3,FBgn0030310,64.198616,,0.0
3,FBgn0063491,63.55709,,0.0
3,FBgn0085359,62.87713,,0.0
3,FBgn0038455,61.15419,,0.0
3,FBgn0025885,60.42902,,0.0
4,FBti0019213,98.303925,,0.0
4,FBti0061827,97.39405,,0.0
4,FBti0019045,91.659584,,0.0
4,FBti0063007,91.63033,,0.0
4,FBgn0284408,89.7643,,0.0
4,FBti0019599,89.73154,,0.0
4,FBgn0035688,84.96711,,0.0
4,FBgn0267507,84.19743,,0.0
4,FBgn0013687,82.10362,,0.0
4,FBti0019150,81.02775,,0.0
4,FBgn0261016,74.40335,,0.0
4,FBgn0030160,73.9305,,0.0
4,FBgn0264975,73.896095,,0.0
4,FBgn0027108,72.13959,,0.0
4,FBgn0013673,68.69039,,0.0
4,FBti0020011,63.62661,,0.0
4,FBgn0085359,63.30409,,0.0
4,FBgn0013683,60.7526,,0.0
4,FBgn0001258,60.51825,,0.0
4,FBgn0034741,59.703995,,0.0
5,FBgn0000179,99.40142,,0.0
5,FBgn0024277,78.47231,,0.0
5,FBgn0003285,77.2982,,0.0
5,FBgn0041087,75.429985,,0.0
5,FBgn0032297,75.07649,,0.0
5,FBgn0047000,74.12176,,0.0
5,FBgn0035806,69.833435,,0.0
5,FBgn0085359,58.50656,,0.0
5,FBgn0266417,57.087757,,0.0
5,FBgn0037290,56.742054,,0.0
5,FBgn0001224,55.782085,,0.0
5,FBgn0030309,55.70082,,0.0
5,FBgn0030310,55.570866,,0.0
5,FBgn0001226,55.28084,,0.0
5,FBgn0004431,54.755318,,0.0
5,FBgn0026259,52.407112,,0.0
5,FBgn0035253,50.917385,,0.0
5,FBgn0030160,48.87794,,0.0
5,FBgn0053926,48.34444,,0.0
5,FBgn0029814,45.644257,,0.0
6,FBgn0004242,77.05992,,0.0
6,FBti0018969,74.36728,,0.0
6,FBgn0262570,74.08161,,0.0
6,FBti0020153,74.08002,,0.0
6,FBgn0261016,71.78121,,0.0
6,FBti0061606,71.55845,,0.0
6,FBgn0051287,69.10392,,0.0
6,FBgn0022984,69.04231,,0.0
6,FBti0020011,68.18227,,0.0
6,FBgn0267507,67.14485,,0.0
6,FBgn0267515,67.06786,,0.0
6,FBgn0037060,66.90199,,0.0
6,FBgn0013687,66.50535,,0.0
6,FBgn0001230,66.16538,,0.0
6,FBti0064268,64.5017,,0.0
6,FBgn0002733,64.18397,,0.0
6,FBti0063007,61.652897,,0.0
6,FBgn0259110,60.738552,,0.0
6,FBgn0031393,60.251545,,0.0
6,FBti0019183,59.903313,,0.0
7,FBgn0267515,85.7778,,0.0
7,FBti0019150,82.439644,,0.0
7,FBgn0267507,78.280785,,0.0
7,FBgn0030160,77.847466,,0.0
7,FBgn0047000,77.743614,,0.0
7,FBgn0013687,72.908485,,0.0
7,FBti0020011,71.601555,,0.0
7,FBti0020153,69.82009,,0.0
7,FBgn0261016,68.380135,,0.0
7,FBgn0039774,67.93981,,0.0
7,FBti0061606,66.91445,,0.0
7,FBgn0266411,65.81221,,0.0
7,FBgn0262570,65.710556,,0.0
7,FBgn0284408,64.80547,,0.0
7,FBgn0004431,63.908424,,0.0
7,FBgn0004242,61.969498,,0.0
7,FBgn0262945,60.47669,,0.0
7,FBgn0003997,59.773315,,0.0
7,FBgn0022984,59.71799,,0.0
7,FBgn0259745,58.958775,,0.0
8,FBgn0034761,79.85891,,0.0
8,FBgn0260768,79.60307,,0.0
8,FBgn0022893,39.334457,,0.0
8,FBti0060275,38.539604,,0.0
8,FBgn0004362,35.522648,,7.529483345940179e-274
8,FBgn0265413,34.325615,,9.296263354977246e-256
8,FBgn0263706,33.947556,,3.243500270244938e-250
8,FBgn0031453,33.242447,,5.619923317096976e-240
8,FBgn0031381,28.51406,,8.396157849420022e-177
8,FBgn0286786,27.808832,,3.0582392981393727e-168
8,FBgn0036844,27.508991,,1.1738909583425707e-164
8,FBti0059763,27.320637,,1.9678112248789875e-162
8,FBgn0016797,27.112394,,5.2383960083796845e-160
8,FBgn0032006,25.224298,,1.1257428876892165e-138
8,FBgn0010228,24.03614,,5.254249588669547e-126
8,FBgn0004583,23.93249,,6.176723276860427e-125
8,FBti0059744,23.822844,,8.293924900971373e-124
8,FBti0020227,23.580076,,2.458647404151642e-121
8,FBgn0037913,22.643385,,5.785181640514665e-112
8,FBgn0000071,21.996674,,1.061673371002844e-105
9,FBti0061827,75.808235,,0.0
9,FBti0019213,73.380066,,0.0
9,FBti0019599,71.7429,,0.0
9,FBti0063007,69.89313,,0.0
9,FBgn0036381,69.61964,,0.0
9,FBgn0013687,68.495155,,0.0
9,FBgn0284408,66.93611,,0.0
9,FBgn0040398,65.4149,,0.0
9,FBgn0035688,63.23635,,0.0
9,FBti0019045,62.83791,,0.0
9,FBgn0027108,62.53899,,0.0
9,FBti0019150,61.498535,,0.0
9,FBgn0267507,60.5811,,0.0
9,FBgn0013683,56.716,,0.0
9,FBgn0039774,56.33327,,0.0
9,FBgn0000179,55.75512,,0.0
9,FBgn0261016,53.685677,,0.0
9,FBgn0032136,52.660538,,0.0
9,FBgn0261549,47.833977,,0.0
9,FBgn0264975,45.62553,,0.0
10,FBgn0000395,69.71203,,0.0
10,FBgn0040837,53.77269,,0.0
10,FBgn0037973,48.790478,,0.0
10,FBgn0039644,47.29867,,0.0
10,FBgn0038455,47.287846,,0.0
10,FBgn0029766,44.554478,,0.0
10,FBgn0265612,44.03189,,0.0
10,FBgn0024491,42.86855,,0.0
10,FBgn0063494,42.052845,,0.0
10,FBgn0027836,41.037067,,0.0
10,FBgn0037975,38.332134,,0.0
10,FBti0019234,38.196724,,0.0
10,FBgn0033153,37.950237,,0.0
10,FBgn0033204,37.780457,,0.0
10,FBgn0033926,36.675518,,1.707432039581399e-292
10,FBgn0261113,35.974754,,1.8723203611409318e-281
10,FBgn0029507,35.753647,,4.9730609845014156e-278
10,FBgn0041184,34.937397,,1.5668116620930218e-265
10,FBgn0264490,32.153954,,5.550531310963442e-225
10,FBgn0286042,32.14192,,7.84947850732339e-225
11,FBgn0004583,35.221386,,1.6121271388163275e-268
11,FBgn0019660,32.83358,,1.6737798551014127e-233
11,FBti0059763,32.695847,,1.0215823860632897e-231
11,FBgn0016797,31.24437,,1.140217348062703e-211
11,FBgn0286827,27.433405,,3.755483601714653e-163
11,FBgn0004167,26.685013,,2.00587220875489e-154
11,FBti0060275,26.222504,,3.6023096951998214e-149
11,FBgn0035049,26.159449,,1.6475798239026945e-148
11,FBgn0263706,25.866905,,2.989052911993336e-145
11,FBgn0036844,24.13949,,1.6492011899030037e-126
11,FBgn0259110,23.041079,,2.5799649432754487e-115
11,FBgn0010313,21.37416,,2.6547430353520012e-99
11,FBgn0005660,20.51884,,1.3909171606641288e-91
11,FBgn0034408,19.915434,,2.4393889168791893e-86
11,FBgn0261934,19.762424,,4.8834513675474394e-85
11,FBti0062048,19.683853,,2.2088338167523486e-84
11,FBgn0013688,19.66381,,3.1432073963144923e-84
11,FBgn0085753,19.446838,,2.0421843901086187e-82
11,FBgn0032006,19.23684,,1.074870929394198e-80
11,FBgn0265487,18.853354,,1.523965779664003e-77
12,FBgn0022984,65.75999,,0.0
12,FBgn0267507,63.842354,,0.0
12,FBgn0001225,63.638844,,0.0
12,FBti0019150,62.018284,,0.0
12,FBgn0004242,61.402046,,0.0
12,FBti0019599,60.461685,,0.0
12,FBgn0267515,59.60499,,0.0
12,FBgn0267505,59.535545,,0.0
12,FBgn0259745,58.218937,,0.0
12,FBgn0284408,57.086796,,0.0
12,FBti0063007,54.676685,,0.0
12,FBti0020011,54.34656,,0.0
12,FBti0061827,53.59502,,0.0
12,FBgn0266411,51.25346,,0.0
12,FBgn0261016,50.99805,,0.0
12,FBgn0001168,50.660583,,0.0
12,FBgn0013685,50.186573,,0.0
12,FBgn0014388,49.793083,,0.0
12,FBgn0013679,48.91014,,0.0
12,FBgn0262952,48.616055,,0.0
13,FBgn0267515,51.646988,,0.0
13,FBti0019150,48.915443,,0.0
13,FBgn0033926,47.98734,,0.0
13,FBgn0029766,47.70624,,0.0
13,FBgn0267507,47.19804,,0.0
13,FBgn0266411,44.66079,,0.0
13,FBti0019599,43.773594,,0.0
13,FBti0020011,42.272377,,0.0
13,FBgn0284408,41.443428,,0.0
13,FBgn0262945,39.99473,,0.0
13,FBgn0267505,39.841522,,0.0
13,FBgn0053494,38.684116,,0.0
13,FBti0061827,38.61895,,0.0
13,FBgn0265487,37.54316,,2.2289911987791185e-306
13,FBgn0259745,35.99992,,8.981514345373786e-282
13,FBgn0001168,35.66317,,1.40152941523863e-276
13,FBti0019213,35.46015,,1.8240523336062338e-273
13,FBgn0030160,35.15935,,7.164359633313009e-269
13,FBgn0265297,34.976345,,4.2016957552667605e-266
13,FBgn0261113,34.784016,,3.304314057400793e-263
14,FBgn0013672,48.18636,,0.0
14,FBgn0013676,48.091125,,0.0
14,FBgn0013674,47.897408,,0.0
14,FBgn0013675,47.814083,,0.0
14,FBgn0013678,47.693775,,0.0
14,FBgn0013686,47.470356,,0.0
14,FBgn0267910,46.358467,,0.0
14,FBgn0262952,46.30768,,0.0
14,FBgn0013684,44.10177,,0.0
14,FBgn0013688,41.971573,,0.0
14,FBgn0265297,41.140915,,0.0
14,FBgn0013681,40.67825,,0.0
14,FBgn0013680,39.708103,,0.0
14,FBgn0013679,38.55127,,0.0
14,FBgn0013685,36.212,,4.500362426727402e-285
14,FBgn0013673,30.390444,,7.865411892882082e-201
14,FBgn0017581,28.38581,,2.592435352246825e-175
14,FBgn0085359,27.667881,,1.3242893604470863e-166
14,FBgn0033926,26.037537,,1.2759596353052766e-147
14,FBgn0031971,25.013592,,2.7595162765445424e-136
