SampleID,platform,index,index2,ReadNumber,Yield,YieldQ30,QualityScoreSum,Mean Quality Score (PF),% Q30
JW18DOX-Ctrl-1,10x,GTAACATGCG,AGGTAACACT,1,9919592956,9531367956,389423585244,39.26,0.96
JW18DOX-Ctrl-1,10x,GTAACATGCG,AGGTAACACT,2,31884405930,30661621326,1251101833116,39.24,0.96
JW18DOX-Ctrl-2,10x,ACAGTAACTA,AACGAACTGT,1,9941640968,9587710750,390956394664,39.33,0.96
JW18DOX-Ctrl-2,10x,ACAGTAACTA,AACGAACTGT,2,31955274540,30717449624,1253615103800,39.23,0.96
JW18wMel-Ctrl-1,10x,TGCGCGGTTT,TTTATCCTTG,1,11264540924,10861878319,442950924064,39.32,0.96
JW18wMel-Ctrl-1,10x,TGCGCGGTTT,TTTATCCTTG,2,36207452970,34931832926,1422971015888,39.3,0.96
JW18wMel-Ctrl-2,10x,TGCAATGTTC,TTCGACAAGC,1,9015859916,8693856442,354530941540,39.32,0.96
JW18wMel-Ctrl-2,10x,TGCAATGTTC,TTCGACAAGC,2,28979549730,27917951082,1138068184656,39.27,0.96
JW18wMel-SV-1,10x,TTATTCGAGG,AGCAGGACAG,1,33685024688,32373345705,1322563243380,39.26,0.96
JW18wMel-SV-1,10x,TTATTCGAGG,AGCAGGACAG,2,108273293640,103717149489,4240550305824,39.17,0.96
JW18wMel-SV-2,10x,AAGATTGGAT,AAATCCCGCT,1,9975454104,9595718717,391838369276,39.28,0.96
JW18wMel-SV-2,10x,AAGATTGGAT,AAATCCCGCT,2,32063959620,30555781175,1252584184232,39.07,0.95
JW18DOX-SV-1,10x,TGTAGTCATT,TACGATCAAG,1,10370799432,10019317036,408166376836,39.36,0.97
JW18DOX-SV-1,10x,TGTAGTCATT,TACGATCAAG,2,33334712460,32156659152,1309907354112,39.3,0.96
JW18DOX-SV-2,10x,ACAATGTGAA,TAACGGTACG,1,11138162532,10758160905,438309326916,39.35,0.97
JW18DOX-SV-2,10x,ACAATGTGAA,TAACGGTACG,2,35801236710,34643093328,1409000045232,39.36,0.97
JW18DOX-Ctrl-1,pipseq,GAGAATGGTT,TTGCTGCCGA,1,32592689073,20954012182,1033319149012,31.7,0.64
JW18DOX-Ctrl-1,pipseq,GAGAATGGTT,TTGCTGCCGA,2,32592689073,28229502202,1204637560876,36.96,0.87
JW18DOX-Ctrl-2,pipseq,TAGAATTGGA,CCATCATTAG,1,35928064200,23067747549,1139011049604,31.7,0.64
JW18DOX-Ctrl-2,pipseq,TAGAATTGGA,CCATCATTAG,2,35928064200,31934684615,1347301768112,37.5,0.89
JW18wMel-Ctrl-1,pipseq,CCATCATTAG,AGAGGCAACC,1,27050682996,17823428955,869928598872,32.16,0.66
JW18wMel-Ctrl-1,pipseq,CCATCATTAG,AGAGGCAACC,2,27050682996,23899808828,1010558093732,37.36,0.88
JW18wMel-Ctrl-2,pipseq,GATAGGCCGA,GCCATGTGCG,1,23579563097,15605603739,760222432248,32.24,0.66
JW18wMel-Ctrl-2,pipseq,GATAGGCCGA,GCCATGTGCG,2,23579563097,20497344188,873104316308,37.03,0.87
JW18DOX-SV-1,pipseq,ATGGTTGACT,AGGACAGGCC,1,15972522696,10607149246,515890722244,32.3,0.66
JW18DOX-SV-1,pipseq,ATGGTTGACT,AGGACAGGCC,2,15972522696,13990584022,593832279736,37.18,0.88
JW18DOX-SV-2,pipseq,TATTGCGCTC,CCTAACACAG,1,20402025703,13431747755,654926859944,32.1,0.66
JW18DOX-SV-2,pipseq,TATTGCGCTC,CCTAACACAG,2,20402025703,18259774913,767721250076,37.63,0.89
JW18wMel-SV-1,pipseq,ACGCCTTGTT,ACGTTCCTTA,1,24667507829,16178113478,790203247520,32.03,0.66
JW18wMel-SV-1,pipseq,ACGCCTTGTT,ACGTTCCTTA,2,24667507829,22339828347,934449981888,37.88,0.91
JW18wMel-SV-2,pipseq,TTCTACATAC,TTACAGTTAG,1,34819647492,22936951637,1117553750240,32.1,0.66
JW18wMel-SV-2,pipseq,TTCTACATAC,TTACAGTTAG,2,34819647492,31282783882,1313195186440,37.71,0.9